level,acronym,name,ring,degree,nstudied,reportedconn,category,,,,,,,,,,,,,,,,,,,,,,,,,,,,,,,,,,,,,,,,,,,,,,
0,Br,Brain_according_to_GM-Definition,0,0,3,0,Brain,,,,,,,,,,,,,,,,,,,,,,,,,,,,,,,,,,,,,,,,,,,,,,
1,DiE,according_to_GM-Definition,4,0,1,0,Diencephalon,,,,,,,,,,,,,,,,,,,,,,,,,,,,,,,,,,,,,,,,,,,,,,
2,Hyp,Hypothalamus,10,25,9,50,Hypothalamus,[,ALH,APH,DMH,Hce1,Hce2,SMH,hy,],,,,,,,,,,,,,,,,,,,,,,,,,,,,,,,,,,,,,
2,Tha,Thalamus,5,1,2,1,Thalamus,,,,,,,,,,,,,,,,,,,,,,,,,,,,,,,,,,,,,,,,,,,,,,
3,AN,Anterior_nuclei_of_the_thalamus,8,8,6,11,Thalamus,[,LN,],,,,,,,,,,,,,,,,,,,,,,,,,,,,,,,,,,,,,,,,,,,
4,LD#1,Laterodorsal_nucleus_(thalamus),9,14,17,15,Thalamus,[,Cld,],,,,,,,,,,,,,,,,,,,,,,,,,,,,,,,,,,,,,,,,,,,
4,AV,Nucleus_anterior_ventralis_thalami,11,7,15,7,Thalamus,,,,,,,,,,,,,,,,,,,,,,,,,,,,,,,,,,,,,,,,,,,,,,
4,AM#1,Nucleus_anterior_medialis_thalami,10,22,16,23,Thalamus,[,AMdc,],,,,,,,,,,,,,,,,,,,,,,,,,,,,,,,,,,,,,,,,,,,
4,AD#1,Nucleus_anterior_dorsalis_thalami,9,5,10,5,Thalamus,,,,,,,,,,,,,,,,,,,,,,,,,,,,,,,,,,,,,,,,,,,,,,
3,ML,Midline_nuclei_of_the_thalamus,7,12,14,18,Thalamus,[,Pac#2,sPFmc,sPFpc,],,,,,,,,,,,,,,,,,,,,,,,,,,,,,,,,,,,,,,,,,
4,Re,Nucleus_reuniens_thalami,11,24,14,26,Thalamus,[,Rv,],,,,,,,,,,,,,,,,,,,,,,,,,,,,,,,,,,,,,,,,,,,
4,PT#2,Nucleus_parataenialis_thalami,10,7,5,7,Thalamus,,,,,,,,,,,,,,,,,,,,,,,,,,,,,,,,,,,,,,,,,,,,,,
4,PAa,"Nucleus_paraventricularis_thalami,_pars_anterior",9,13,13,16,Thalamus,[,PAm#2,PAp,Pa#3,],,,,,,,,,,,,,,,,,,,,,,,,,,,,,,,,,,,,,,,,,
4,C#4,Nucleus_centralis_thalami,8,4,4,4,Thalamus,[,Ce#2,CeM#2,],,,,,,,,,,,,,,,,,,,,,,,,,,,,,,,,,,,,,,,,,,
5,Clc,Nucleus_centralis_latocellularis_thalami,11,11,7,12,Thalamus,,,,,,,,,,,,,,,,,,,,,,,,,,,,,,,,,,,,,,,,,,,,,,
5,Cim,Nucleus_centralis_intermedialis_thalami,10,7,5,7,Thalamus,,,,,,,,,,,,,,,,,,,,,,,,,,,,,,,,,,,,,,,,,,,,,,
5,Cif,Nucleus_centralis_inferior_thalami,9,11,8,11,Thalamus,,,,,,,,,,,,,,,,,,,,,,,,,,,,,,,,,,,,,,,,,,,,,,
5,Cdc,Nucleus_centralis_densocellularis_thalami,11,17,10,19,Thalamus,[,ND,],,,,,,,,,,,,,,,,,,,,,,,,,,,,,,,,,,,,,,,,,,,
3,GN,Metathalamus_(Geniculate_Nucleii),8,0,1,0,Thalamus,,,,,,,,,,,,,,,,,,,,,,,,,,,,,,,,,,,,,,,,,,,,,,
4,MG,Corpus_geniculatum_mediale,10,23,59,49,Thalamus,[,AD#3,GM,GMpc,MC,MGM,MGN,MGad,MGpd,PD#3,V,Z,],,,,,,,,,,,,,,,,,,,,,,,,,,,,,,,,,
4,LGN,dorsal_Lateral_geniculate_nucleus,9,10,78,86,Thalamus,[,2#2,DLG,DLGN,LGN#1,LGN,0,LGN,1,LGN,2,LGN,3,LGN,4,LGN,5,LGN,6,LGN,il,LGN,il-z,LGN,k1,LGN,l,LGN,mc,LGN,mc-il,LGN,mc-l,LGN,pc,LGN,pc-il,LGN,pc-l,LGN,s,LGil,LGm,LGp,LGs,]
3,IL#2,Intralaminar_nuclei_of_the_thalamus,7,14,5,14,Thalamus,,,,,,,,,,,,,,,,,,,,,,,,,,,,,,,,,,,,,,,,,,,,,,
4,Pf#2,Nucleus_parafascicularis_thalami,11,32,13,33,Thalamus,,,,,,,,,,,,,,,,,,,,,,,,,,,,,,,,,,,,,,,,,,,,,,
4,Pcn,Nucleus_paracentralis_thalami,10,50,14,69,Thalamus,[,Pc#3,],,,,,,,,,,,,,,,,,,,,,,,,,,,,,,,,,,,,,,,,,,,
4,CM#2,nucleus_centrum_medianum_(thalamus),9,43,24,71,Thalamus,[,CnMd,],,,,,,,,,,,,,,,,,,,,,,,,,,,,,,,,,,,,,,,,,,,
4,Cl#2,Nucleus_centralis_lateralis_thalami,8,50,21,74,Thalamus,,,,,,,,,,,,,,,,,,,,,,,,,,,,,,,,,,,,,,,,,,,,,,
5,Csl,Nucleus_centralis_superior_lateralis_thalami,11,28,8,31,Thalamus,,,,,,,,,,,,,,,,,,,,,,,,,,,,,,,,,,,,,,,,,,,,,,
5,Cs#2,Nucleus_centralis_superior_thalami,10,5,6,5,Thalamus,,,,,,,,,,,,,,,,,,,,,,,,,,,,,,,,,,,,,,,,,,,,,,
3,MI#1,Massa_intermedia,9,3,3,3,Thalamus,,,,,,,,,,,,,,,,,,,,,,,,,,,,,,,,,,,,,,,,,,,,,,
3,PN,Posterior_Nucleii_of_Thalamus,8,2,10,3,Thalamus,[,Po#5,SM,],,,,,,,,,,,,,,,,,,,,,,,,,,,,,,,,,,,,,,,,,,
4,SG,Nucleus_suprageniculatus_thalami,11,29,15,33,Thalamus,,,,,,,,,,,,,,,,,,,,,,,,,,,,,,,,,,,,,,,,,,,,,,
4,Li,Nucleus_limitans_thalami,10,43,13,46,Thalamus,[,Lim,],,,,,,,,,,,,,,,,,,,,,,,,,,,,,,,,,,,,,,,,,,,
3,Ret,Nucleus_reticularis_thalami,9,31,27,32,Thalamus,[,NRT,AnteriorPole,R#4,RT#2,],,,,,,,,,,,,,,,,,,,,,,,,,,,,,,,,,,,,,,,,
3,Pul#1,Nucleus_pulvinaris_thalami,7,44,32,137,Thalamus,[,PLe,],,,,,,,,,,,,,,,,,,,,,,,,,,,,,,,,,,,,,,,,,,,
4,PI#3,Nucleus_pulvinaris_inferior_thalami,8,26,43,53,Thalamus,[,Pul.i,],,,,,,,,,,,,,,,,,,,,,,,,,,,,,,,,,,,,,,,,,,,
5,PIl-s,"Nucleus_pulvinaris_inferior_thalami,_shell_of_the_lateral_subdivision",11,2,3,2,Thalamus,,,,,,,,,,,,,,,,,,,,,,,,,,,,,,,,,,,,,,,,,,,,,,
5,PIp,"Nucleus_pulvinaris_inferior_thalami,_posterior_subdivision",10,4,8,4,Thalamus,,,,,,,,,,,,,,,,,,,,,,,,,,,,,,,,,,,,,,,,,,,,,,
5,PIm,"Nucleus_pulvinaris_inferior_thalami,_pars_medialis",9,7,9,7,Thalamus,,,,,,,,,,,,,,,,,,,,,,,,,,,,,,,,,,,,,,,,,,,,,,
5,PIl,"Nucleus_pulvinaris_inferior_thalami,_lateral_subdivision",11,9,8,10,Thalamus,[,PIcl,],,,,,,,,,,,,,,,,,,,,,,,,,,,,,,,,,,,,,,,,,,,
5,PIc,"Nucleus_pulvinaris_inferior_thalami,_central_subdivision",10,9,9,9,Thalamus,,,,,,,,,,,,,,,,,,,,,,,,,,,,,,,,,,,,,,,,,,,,,,
4,PM#3,Nucleus_pulvinaris_medialis_thalami,8,85,41,114,Thalamus,[,PMm-c,Plm#2,Pul.m,mPul,],,,,,,,,,,,,,,,,,,,,,,,,,,,,,,,,,,,,,,,,
5,PMm,"Nucleus_pulvinaris_medialis_thalami,_medial_division",9,7,1,7,Thalamus,,,,,,,,,,,,,,,,,,,,,,,,,,,,,,,,,,,,,,,,,,,,,,
5,PMl,"Nucleus_pulvinaris_medialis_thalami,_lateral_division",11,8,1,8,Thalamus,,,,,,,,,,,,,,,,,,,,,,,,,,,,,,,,,,,,,,,,,,,,,,
4,Pul.o,Nucleus_pulvinaris_oralis_thalami,10,45,26,54,Thalamus,[,PO#3,Pa#4,Pla#2,],,,,,,,,,,,,,,,,,,,,,,,,,,,,,,,,,,,,,,,,,
4,PL#3,Nucleus_pulvinaris_lateralis_thalami,8,50,44,84,Thalamus,[,PLb,PLi,Pll#2,Pul.l,],,,,,,,,,,,,,,,,,,,,,,,,,,,,,,,,,,,,,,,,
5,PLa#1,Nucleus_pulvinaris_lateralis_thalami_pars_alpha,9,2,3,17,Thalamus,,,,,,,,,,,,,,,,,,,,,,,,,,,,,,,,,,,,,,,,,,,,,,
5,PLd,"Nucleus_pulvinaris_lateralis_thalami,_dorsal_division",11,5,1,5,Thalamus,,,,,,,,,,,,,,,,,,,,,,,,,,,,,,,,,,,,,,,,,,,,,,
5,PLvl,Nucleus_pulvinaris_lateralis_thalami_pars_ventrolateralis,10,5,1,5,Thalamus,,,,,,,,,,,,,,,,,,,,,,,,,,,,,,,,,,,,,,,,,,,,,,
5,PLvm,Nucleus_pulvinaris_lateralis_thalami_pars_ventromedialis,9,5,3,5,Thalamus,,,,,,,,,,,,,,,,,,,,,,,,,,,,,,,,,,,,,,,,,,,,,,
3,MD,Nucleus_medialis_dorsalis_thalami,7,106,29,200,Thalamus,,,,,,,,,,,,,,,,,,,,,,,,,,,,,,,,,,,,,,,,,,,,,,
4,MDdc,"Nucleus_medialis_dorsalis_thalami,_pars_densocellularis",11,21,8,23,Thalamus,[,MDd,],,,,,,,,,,,,,,,,,,,,,,,,,,,,,,,,,,,,,,,,,,,
4,MDcd,"Nucleus_medialis_dorsalis_thalami,_pars_caudodorsalis",10,5,1,9,Thalamus,,,,,,,,,,,,,,,,,,,,,,,,,,,,,,,,,,,,,,,,,,,,,,
4,MDl,"Nucleus_medialis_dorsalis_thalami,_pars_lateralis",8,6,2,6,Thalamus,,,,,,,,,,,,,,,,,,,,,,,,,,,,,,,,,,,,,,,,,,,,,,
5,MDpc,"Nucleus_medialis_dorsalis_thalami,_pars_parvocellularis",9,38,10,43,Thalamus,,,,,,,,,,,,,,,,,,,,,,,,,,,,,,,,,,,,,,,,,,,,,,
5,MDmf,"Nucleus_medialis_dorsalis_thalami,_pars_multiformis",11,17,8,18,Thalamus,,,,,,,,,,,,,,,,,,,,,,,,,,,,,,,,,,,,,,,,,,,,,,
4,MDmc,"Nucleus_medialis_dorsalis_thalami,_pars_magnocellularis",8,39,12,57,Thalamus,[,MDm,],,,,,,,,,,,,,,,,,,,,,,,,,,,,,,,,,,,,,,,,,,,
5,MDpm,"Nucleus_medialis_dorsalis_thalami,_pars_paramediana",10,10,1,10,Thalamus,,,,,,,,,,,,,,,,,,,,,,,,,,,,,,,,,,,,,,,,,,,,,,
5,MDfi,"Nucleus_medialis_dorsalis_thalami,_pars_fibrosa",9,21,1,22,Thalamus,[,VM#2,VMH,],,,,,,,,,,,,,,,,,,,,,,,,,,,,,,,,,,,,,,,,,,
3,VN,Ventolateral_Nucleii_of_Thalamus,6,7,7,7,Thalamus,,,,,,,,,,,,,,,,,,,,,,,,,,,,,,,,,,,,,,,,,,,,,,
4,X,Area_X_(thalamus),11,28,10,49,Thalamus,,,,,,,,,,,,,,,,,,,,,,,,,,,,,,,,,,,,,,,,,,,,,,
4,VP#2,Nucleus_ventralis_posterior,7,1,4,1,Thalamus,,,,,,,,,,,,,,,,,,,,,,,,,,,,,,,,,,,,,,,,,,,,,,
5,VPS,Ventroposterior_superior_nucleus_thalami,10,7,1,8,Thalamus,,,,,,,,,,,,,,,,,,,,,,,,,,,,,,,,,,,,,,,,,,,,,,
5,VPI,Nucleus_ventralis_posterior_inferior_thalami,9,12,16,16,Thalamus,,,,,,,,,,,,,,,,,,,,,,,,,,,,,,,,,,,,,,,,,,,,,,
5,VPM,Nucleus_ventralis_posterior_medialis_thalami,11,20,32,40,Thalamus,[,VPM,CP,VPM,UL,VPMpc,n.vent.post.med.,],,,,,,,,,,,,,,,,,,,,,,,,,,,,,,,,,,,,,,
5,VPL,Aentral_posterior_lateral_nucleus_(thalamus),8,56,39,88,Thalamus,[,LP,VLp,],,,,,,,,,,,,,,,,,,,,,,,,,,,,,,,,,,,,,,,,,,
6,VPLo,"Nucleus_ventralis_posterior_lateralis_thalami,_pars_oralis",10,20,11,48,Thalamus,,,,,,,,,,,,,,,,,,,,,,,,,,,,,,,,,,,,,,,,,,,,,,
6,VPLc,"Nucleus_ventralis_posterior_lateralis_thalami,_pars_caudalis",9,29,16,54,Thalamus,[,VPLc,core,h,VPLc,shell,l,],,,,,,,,,,,,,,,,,,,,,,,,,,,,,,,,,,,,,,
4,VL,ventral_lateral_nucleus_(thalamus),8,18,9,19,Thalamus,,,,,,,,,,,,,,,,,,,,,,,,,,,,,,,,,,,,,,,,,,,,,,
5,VLm,"Nucleus_ventralis_lateralis_thalami,_pars_medialis",11,25,10,43,Thalamus,,,,,,,,,,,,,,,,,,,,,,,,,,,,,,,,,,,,,,,,,,,,,,
5,VLps,"Nucleus_ventralis_lateralis_thalami,_pars_postrema",10,21,7,25,Thalamus,,,,,,,,,,,,,,,,,,,,,,,,,,,,,,,,,,,,,,,,,,,,,,
5,VLo,"Nucleus_ventralis_lateralis_thalami,_pars_oralis",9,34,11,68,Thalamus,[,VLa,],,,,,,,,,,,,,,,,,,,,,,,,,,,,,,,,,,,,,,,,,,,
5,VLc,"Nucleus_ventralis_lateralis_thalami,_pars_caudalis",11,32,15,70,Thalamus,[,VLc-VPLo,VLcc,VLcr,],,,,,,,,,,,,,,,,,,,,,,,,,,,,,,,,,,,,,,,,,
4,VA,ventral_anterior_nucleus_(thalamus),8,33,18,41,Thalamus,[,VAvm,],,,,,,,,,,,,,,,,,,,,,,,,,,,,,,,,,,,,,,,,,,,
5,VApc,"Nucleus_ventralis_anterior_thalami,_pars_parvocellularis",10,21,8,38,Thalamus,,,,,,,,,,,,,,,,,,,,,,,,,,,,,,,,,,,,,,,,,,,,,,
5,VAdc,"Nucleus_ventralis_anterior_thalami,_pars_densocellularis",9,7,1,7,Thalamus,,,,,,,,,,,,,,,,,,,,,,,,,,,,,,,,,,,,,,,,,,,,,,
5,VAmc,"Nucleus_ventralis_anterior_thalami,_pars_magnocellularis",11,38,13,51,Thalamus,,,,,,,,,,,,,,,,,,,,,,,,,,,,,,,,,,,,,,,,,,,,,,
1,Cx,GM-CerebralCortex_,1,0,1,0,Cortex,,,,,,,,,,,,,,,,,,,,,,,,,,,,,,,,,,,,,,,,,,,,,,
2,FL#2,FrontalLobe_according_to_GM-Definition,4,0,1,0,Frontal Lobe,,,,,,,,,,,,,,,,,,,,,,,,,,,,,,,,,,,,,,,,,,,,,,
3,belt_sm,sm_belt_line_of_the_sensorymotor_system_according_to_CP99,10,22,2,22,Belt,[,root,sm,],,,,,,,,,,,,,,,,,,,,,,,,,,,,,,,,,,,,,,,,,,
3,Pfc,Prefrontal_Cortex,5,0,2,0,PFC,,,,,,,,,,,,,,,,,,,,,,,,,,,,,,,,,,,,,,,,,,,,,,
4,PFCorb,Orbital_prefrontal_cortex,7,10,12,14,Orbital PFC,[,OF,OFdg,OFg,OPro,OrbPro,],,,,,,,,,,,,,,,,,,,,,,,,,,,,,,,,,,,,,,,
5,14,Orbitofrontal_area_14,14,8,111,34,Orbital PFC,158,[,M14,],,,,,,,,,,,,,,,,,,,,,,,,,,,,,,,,,,,,,,,,,,
6,14O,Orbital_part_of_area_14,9,5,2,6,Orbital PFC,,,,,,,,,,,,,,,,,,,,,,,,,,,,,,,,,,,,,,,,,,,,,,
6,14r,Rostral_area_14,14,11,66,3,Orbital PFC,77,,,,,,,,,,,,,,,,,,,,,,,,,,,,,,,,,,,,,,,,,,,,,
5,OFap,"Orbitofrontal_cortex,_agranular_periallocortical",10,8,12,8,Orbital PFC,[,OFa-p,PAll#1,],,,,,,,,,,,,,,,,,,,,,,,,,,,,,,,,,,,,,,,,,,
5,OFO,Orbitofrontal_opercular_area,8,2,6,2,Orbital PFC,,,,,,,,,,,,,,,,,,,,,,,,,,,,,,,,,,,,,,,,,,,,,,
6,ProM#2,Pro_motor_area,9,31,8,33,Orbital PFC,[,proM#1,],,,,,,,,,,,,,,,,,,,,,,,,,,,,,,,,,,,,,,,,,,,
6,Gu,Gustatory_cortex_11,11,22,16,25,Orbital PFC,[,G#1,G#2,G#3,],,,,,,,,,,,,,,,,,,,,,,,,,,,,,,,,,,,,,,,,,
5,13,Orbitofrontal_area_13,13,8,129,36,Orbital PFC,203,[,FF,],,,,,,,,,,,,,,,,,,,,,,,,,,,,,,,,,,,,,,,,,,
6,13L,"Orbitofrontal_area_13,_lateral_part",10,47,5,55,Orbital PFC,,,,,,,,,,,,,,,,,,,,,,,,,,,,,,,,,,,,,,,,,,,,,,
6,13M,"Orbitofrontal_area_13,_medial_part",9,39,5,55,Orbital PFC,,,,,,,,,,,,,,,,,,,,,,,,,,,,,,,,,,,,,,,,,,,,,,
6,13a,Orbitofrontal_area_13a,11,130,15,223,Orbital PFC,[,13b,],,,,,,,,,,,,,,,,,,,,,,,,,,,,,,,,,,,,,,,,,,,
4,32,Area_32,10,159,36,226,Area 32,,,,,,,,,,,,,,,,,,,,,,,,,,,,,,,,,,,,,,,,,,,,,,
4,FD#1,Prefrontal_area_FD,6,33,2,42,PFC FD,,,,,,,,,,,,,,,,,,,,,,,,,,,,,,,,,,,,,,,,,,,,,,
5,10,Area_10,8,100,39,154,Rostral PFC,[,M10,],,,,,,,,,,,,,,,,,,,,,,,,,,,,,,,,,,,,,,,,,,,
6,10m,Medial_area_10,9,21,4,24,Rostral PFC,[,V10,],,,,,,,,,,,,,,,,,,,,,,,,,,,,,,,,,,,,,,,,,,,
6,10v,Ventral_area_10,11,7,3,10,Rostral PFC,,,,,,,,,,,,,,,,,,,,,,,,,,,,,,,,,,,,,,,,,,,,,,
6,10d,Dorsal_area_10,10,3,3,7,Rostral PFC,[,D10,],,,,,,,,,,,,,,,,,,,,,,,,,,,,,,,,,,,,,,,,,,,
6,10o,Orbital_area_10,9,44,2,52,Rostral PFC,,,,,,,,,,,,,,,,,,,,,,,,,,,,,,,,,,,,,,,,,,,,,,
5,12,Area_12,8,90,31,136,Mid PFC,,,,,,,,,,,,,,,,,,,,,,,,,,,,,,,,,,,,,,,,,,,,,,
6,12o,Orbital_area_12,11,135,10,174,Mid PFC,[,O12,],,,,,,,,,,,,,,,,,,,,,,,,,,,,,,,,,,,,,,,,,,,
6,12m,Medial_area_12,10,54,2,69,Mid PFC,,,,,,,,,,,,,,,,,,,,,,,,,,,,,,,,,,,,,,,,,,,,,,
6,47/12,Prefrontal_area_47/12,9,24,7,27,Mid PFC,[,47/12L,47/12O,],,,,,,,,,,,,,,,,,,,,,,,,,,,,,,,,,,,,,,,,,,
6,12r,Rostral_area_12,11,38,2,47,Mid PFC,,,,,,,,,,,,,,,,,,,,,,,,,,,,,,,,,,,,,,,,,,,,,,
6,12l,Lateral_area_12,10,123,9,155,Mid PFC,[,12vl,L12,],,,,,,,,,,,,,,,,,,,,,,,,,,,,,,,,,,,,,,,,,,
5,11,Area_11,8,127,33,207,Mid PFC,,,,,,,,,,,,,,,,,,,,,,,,,,,,,,,,,,,,,,,,,,,,,,
6,11l,Lateral_area_11,9,39,4,52,Mid PFC,,,,,,,,,,,,,,,,,,,,,,,,,,,,,,,,,,,,,,,,,,,,,,
6,11m,Medial_area_11,11,63,4,76,Mid PFC,,,,,,,,,,,,,,,,,,,,,,,,,,,,,,,,,,,,,,,,,,,,,,
5,9,Area_9,8,125,53,219,Mid PFC,[,9d,9m,],,,,,,,,,,,,,,,,,,,,,,,,,,,,,,,,,,,,,,,,,,
6,L9,Lateral_area_9,10,7,1,9,Mid PFC,,,,,,,,,,,,,,,,,,,,,,,,,,,,,,,,,,,,,,,,,,,,,,
6,M9,Medial_area_9,9,43,1,51,Mid PFC,,,,,,,,,,,,,,,,,,,,,,,,,,,,,,,,,,,,,,,,,,,,,,
6,D9,dorsal_area_9,11,26,1,30,Mid PFC,,,,,,,,,,,,,,,,,,,,,,,,,,,,,,,,,,,,,,,,,,,,,,
5,46,Cortical_area_46,7,211,46,366,Mid PFC,[,46inf,46p,46sup,FDdelta,],,,,,,,,,,,,,,,,,,,,,,,,,,,,,,,,,,,,,,,,
6,46v,Ventral_area_46,10,89,12,120,Mid PFC,[,V46,V46r,],,,,,,,,,,,,,,,,,,,,,,,,,,,,,,,,,,,,,,,,,,
6,46d,Dorsal_area_46,9,45,11,58,Mid PFC,[,D46,D46r,],,,,,,,,,,,,,,,,,,,,,,,,,,,,,,,,,,,,,,,,,,
6,PS,Principal_Sulcus,11,70,1,72,Mid PFC,,,,,,,,,,,,,,,,,,,,,,,,,,,,,,,,,,,,,,,,,,,,,,
6,46f,Area_46_(fundus_of_the_principal_sulcus),10,2,1,2,Mid PFC,,,,,,,,,,,,,,,,,,,,,,,,,,,,,,,,,,,,,,,,,,,,,,
6,46vr,Area_46_(ventral_rim_of_the_principal_sulcus),9,5,3,5,Mid PFC,,,,,,,,,,,,,,,,,,,,,,,,,,,,,,,,,,,,,,,,,,,,,,
6,46dr,Area_46_(dorsal_rim_of_the_principal_sulcus),11,4,2,4,Mid PFC,,,,,,,,,,,,,,,,,,,,,,,,,,,,,,,,,,,,,,,,,,,,,,
6,Sep-46,Cortical_area_9/46,8,0,2,0,Mid PFC,,,,,,,,,,,,,,,,,,,,,,,,,,,,,,,,,,,,,,,,,,,,,,
7,9/46v,Cortical_area_9/46v,10,13,3,15,Mid PFC,,,,,,,,,,,,,,,,,,,,,,,,,,,,,,,,,,,,,,,,,,,,,,
7,9/46d,Cortical_area_9/46d,9,30,3,36,Mid PFC,,,,,,,,,,,,,,,,,,,,,,,,,,,,,,,,,,,,,,,,,,,,,,
4,8,Area_8,6,54,32,85,Post PFC,[,8As,],,,,,,,,,,,,,,,,,,,,,,,,,,,,,,,,,,,,,,,,,,,
5,FEF,Frontal_eye_field,7,67,13,93,Post PFC,,,,,,,,,,,,,,,,,,,,,,,,,,,,,,,,,,,,,,,,,,,,,,
6,45,Cortical_area_45,8,79,32,100,Post PFC,[,8v,FDgamma,V8#2,],,,,,,,,,,,,,,,,,,,,,,,,,,,,,,,,,,,,,,,,,
7,45A,Cortical_area_45A,11,31,9,43,Post PFC,[,45a+8Ar,8Ar,],,,,,,,,,,,,,,,,,,,,,,,,,,,,,,,,,,,,,,,,,,
7,45B,Cortical_area_45B,10,12,5,14,Post PFC,,,,,,,,,,,,,,,,,,,,,,,,,,,,,,,,,,,,,,,,,,,,,,
6,8A,Area_8A,8,97,17,133,Post PFC,[,8Av,],,,,,,,,,,,,,,,,,,,,,,,,,,,,,,,,,,,,,,,,,,,
7,8Ad,Dorsal_portion_of_area_8A,9,29,3,32,Post PFC,,,,,,,,,,,,,,,,,,,,,,,,,,,,,,,,,,,,,,,,,,,,,,
7,8Ac,Caudal_area_8A,11,6,4,7,Post PFC,,,,,,,,,,,,,,,,,,,,,,,,,,,,,,,,,,,,,,,,,,,,,,
5,8B,Area_8B_10,10,89,23,116,Post PFC,[,8Bd,8Bm,8d,D8,],,,,,,,,,,,,,,,,,,,,,,,,,,,,,,,,,,,,,,,,
3,6#1,Area_6,6,70,50,114,Premotor/motor/PFC,[,6a-alpha,6a-beta,6b,FB,PM#4,],,,,,,,,,,,,,,,,,,,,,,,,,,,,,,,,,,,,,,,
4,6V,Area_6_(ventral_part),8,74,12,258,Premotor/motor/PFC,[,PMCvl,PMv,V6#2,vPmC,],,,,,,,,,,,,,,,,,,,,,,,,,,,,,,,,,,,,,,,,
5,F5,Agranular_frontal_area_(=_rostral_ventrolateral_premotor_area),9,88,16,137,Premotor/motor/PFC,[,6VR,FCBm,MLA,PMv-r,PMvr,],,,,,,,,,,,,,,,,,,,,,,,,,,,,,,,,,,,,,,,
5,PrCO,Precentral_opercular_area,11,36,16,51,Premotor/motor/PFC,[,6b-alpha,],,,,,,,,,,,,,,,,,,,,,,,,,,,,,,,,,,,,,,,,,,,
5,4c,Motor_area_4c,10,17,7,20,Premotor/motor/PFC,[,Postarc,],,,,,,,,,,,,,,,,,,,,,,,,,,,,,,,,,,,,,,,,,,,
5,6Vb,Premotor_area_6Vb,9,20,9,23,Premotor/motor/PFC,,,,,,,,,,,,,,,,,,,,,,,,,,,,,,,,,,,,,,,,,,,,,,
5,6Va,Premotor_area_6Va,11,23,10,25,Premotor/motor/PFC,[,6Vam,6val,],,,,,,,,,,,,,,,,,,,,,,,,,,,,,,,,,,,,,,,,,,
5,F4,Agranular_frontal_area_(=_caudal_ventrolateral_premotor_area),10,48,13,84,Premotor/motor/PFC,[,6VC,FBA,PMv-c,PMvc,],,,,,,,,,,,,,,,,,,,,,,,,,,,,,,,,,,,,,,,,
4,44,Cortical_area_44,44,9,6,4,Premotor/motor/PFC,6,,,,,,,,,,,,,,,,,,,,,,,,,,,,,,,,,,,,,,,,,,,,,
4,6b-beta,Premotor_area_6b-beta,11,2,2,2,Premotor/motor/PFC,,,,,,,,,,,,,,,,,,,,,,,,,,,,,,,,,,,,,,,,,,,,,,
4,6D,area_6_(dorsal_part),8,82,22,151,Premotor/motor/PFC,[,6Ds,D6,PMd,dPmC,],,,,,,,,,,,,,,,,,,,,,,,,,,,,,,,,,,,,,,,,
5,F7,Agranular_frontal_area_(=_rostral_dorsolateral_premotor_area),10,124,28,245,Premotor/motor/PFC,[,6DR,F7-SEF,F7-nonSEF,PMd-r,PMdr,SEF,rPMd,],,,,,,,,,,,,,,,,,,,,,,,,,,,,,,,,,,,,,
5,F2,Agranular_frontal_area_(=_caudal_dorsolateral_premotor_area),9,88,22,183,Premotor/motor/PFC,[,6DC,F2d,F2vr,PMd-c,PMdc,Pmdp,cPMd,],,,,,,,,,,,,,,,,,,,,,,,,,,,,,,,,,,,,,
4,6M,Medial_premotor_area_6M,7,93,50,188,Premotor/motor/PFC,[,M2,M2-FA,MII,MII-arm,MII-face,MII-leg,MII-trunk,PMCm,SMA,SMA-of,TMA,],,,,,,,,,,,,,,,,,,,,,,,,,,,,,,,,,
5,F3,Agranular_frontal_area_(=_SMA-proper),8,69,15,162,Premotor/motor/PFC,[,F3-arm,F3-axial,F3-leg,SMA-proper,],,,,,,,,,,,,,,,,,,,,,,,,,,,,,,,,,,,,,,,,
6,SMAr,SMA_-_rostral_part,11,41,1,43,Supplementary motor,,,,,,,,,,,,,,,,,,,,,,,,,,,,,,,,,,,,,,,,,,,,,,
6,SMAc,SMA_-_caudal_part,10,2,1,2,Supplementary motor,,,,,,,,,,,,,,,,,,,,,,,,,,,,,,,,,,,,,,,,,,,,,,
5,M2-HL,"Supplementary_motor_cortex_M2,_hindlimb_area",9,7,1,15,Supplementary motor,,,,,,,,,,,,,,,,,,,,,,,,,,,,,,,,,,,,,,,,,,,,,,
5,M2-FL,"Supplementary_motor_cortex_M2,_forelimb_area",11,6,1,13,Supplementary motor,,,,,,,,,,,,,,,,,,,,,,,,,,,,,,,,,,,,,,,,,,,,,,
5,F6,Agranular_frontal_area_(=_pre-SMA),10,57,17,108,Supplementary motor,[,F6-arm,F6-axial,pre-SMA,preSMA,],,,,,,,,,,,,,,,,,,,,,,,,,,,,,,,,,,,,,,,,
3,M1,Primary_motor_area,96,57,246,[,Primary motor,4#1,F1,FA,MI#3,],,,,,,,,,,,,,,,,,,,,,,,,,,,,,,,,,,,,,,,,,
4,M1-FL,"Primary_motor_cortex_M1,_forelimb_area",9,86,16,164,Primary motor,[,4-fl,4-hand,ARM,F1-arm,MI-arm,MI-finger,MI-forelimb,MI-hand,MI-hand-arm,],,,,,,,,,,,,,,,,,,,,,,,,,,,,,,,,,,,
4,MI-of,orofacial_representation_in_MI,11,24,5,34,Primary motor,[,4-mouth,F1-face,M1-FA,],,,,,,,,,,,,,,,,,,,,,,,,,,,,,,,,,,,,,,,,,
4,4b,Motor_area_4b,10,2,1,2,Primary motor,,,,,,,,,,,,,,,,,,,,,,,,,,,,,,,,,,,,,,,,,,,,,,
4,4a,Motor_area_4a,9,2,1,2,Primary motor,,,,,,,,,,,,,,,,,,,,,,,,,,,,,,,,,,,,,,,,,,,,,,
4,MI-body,body_representation_of_MI_as_defined_in_KSI03,11,21,4,28,Primary motor,[,M1-AX,MI-neck,MI-trunk,],,,,,,,,,,,,,,,,,,,,,,,,,,,,,,,,,,,,,,,,,
4,M1-HL,"Primary_motor_cortex_M1,_hindlimb_area",10,31,6,44,Primary motor,[,F1-leg,MI-hindlimb,MI-leg,MI-toe,],,,,,,,,,,,,,,,,,,,,,,,,,,,,,,,,,,,,,,,,
2,Pl#6,ParietalLobe_according_to_GM-Definition,5,0,1,0,Parietal,,,,,,,,,,,,,,,,,,,,,,,,,,,,,,,,,,,,,,,,,,,,,,
3,S1,Primary_somatosensory_cortex,7,31,39,68,Somatosensory,[,2-Jan,SI#1,SI-arm,SI-finger,SI-leg,SI-neck,SI-trunk,SI,D1,SI,D1p,SI,T3-4,SI,Trnk,],,,,,,,,,,,,,,,,,,,,,,,,,,,,,
4,PC#1,Primary_sensory_area_PC,8,14,3,18,Somatosensory,[,3b/1,],,,,,,,,,,,,,,,,,,,,,,,,,,,,,,,,,,,,,,,,,,,
5,1#1,Area_1,9,49,46,149,Somatosensory,[,1,O,SI,Arm,SI,Hnd,SI,LL,SI,Max,SI,T1,SI,T4-5,SI,UL,SI,ULp,],,,,,,,,,,,,,,,,,,,,,,,,,,
5,2#1,Area_2,11,54,43,153,Somatosensory,[,2,D2-5,SI,D2,SI,D2-3,SI,D2-3p,SI,D2-4,SI,D3-4,SI,D3-4p,SI,D3-5,],,,,,,,,,,,,,,,,,,,,,,,,,,,,
4,3#1,Area_3,8,27,14,33,Somatosensory,,,,,,,,,,,,,,,,,,,,,,,,,,,,,,,,,,,,,,,,,,,,,,
5,3b,Postcentral_area_3b,10,32,28,75,Somatosensory,[,3b,CP,3b,LL,3b,UL,SI,Leg,],,,,,,,,,,,,,,,,,,,,,,,,,,,,,,,,,,,,
5,3a,Postcentral_area_3a,9,35,26,67,Somatosensory,,,,,,,,,,,,,,,,,,,,,,,,,,,,,,,,,,,,,,,,,,,,,,
3,S2,Secondary_somatosensory_cortex,8,81,56,206,Somatosensory 2,[,43,PCop,SII,SII-fl,SII-h,SII-hl,SII-sub,],,,,,,,,,,,,,,,,,,,,,,,,,,,,,,,,,,,,,
4,SII-f,face_representation_in_SII_as_defined_in_DLRPK03,11,5,3,13,Somatosensory 2,,,,,,,,,,,,,,,,,,,,,,,,,,,,,,,,,,,,,,,,,,,,,,
4,CMA#2,Cortical_masticatory_area,10,2,4,2,Somatosensory 2,[,CMAaAd,CMAp,],,,,,,,,,,,,,,,,,,,,,,,,,,,,,,,,,,,,,,,,,,
3,belt_s,s_belt_line_of_the_sensory_system_according_to_CP99,9,13,1,21,PosterioVentral Parietal,,,,,,,,,,,,,,,,,,,,,,,,,,,,,,,,,,,,,,,,,,,,,,
3,PR#4,rostroventral_parietal_area_as_defined_in_DLRPK03,11,19,6,54,PosterioVentral Parietal,[,PV#2,PV-f,PV-fl,PV-h,],,,,,,,,,,,,,,,,,,,,,,,,,,,,,,,,,,,,,,,,
3,7#1,Area_7,7,6,63,17,PosterioVentral Parietal,133,[,7t,VS,root,s,],,,,,,,,,,,,,,,,,,,,,,,,,,,,,,,,,,,,,,,
4,PFop,Rostral_parietal_operculum,10,9,6,20,PosterioVentral Parietal,,,,,,,,,,,,,,,,,,,,,,,,,,,,,,,,,,,,,,,,,,,,,,
4,PP,Posterior_parietal_area,9,3,3,3,PosterioVentral Parietal,,,,,,,,,,,,,,,,,,,,,,,,,,,,,,,,,,,,,,,,,,,,,,
4,PGop,Caudal_parietal_operculum,11,13,10,15,PosterioVentral Parietal,[,7op,],,,,,,,,,,,,,,,,,,,,,,,,,,,,,,,,,,,,,,,,,,,
4,IPL,Inferior_Parietal_Lobule,7,68,7,101,PosterioVentral Parietal,[,7a/7b,PCi,],,,,,,,,,,,,,,,,,,,,,,,,,,,,,,,,,,,,,,,,,,
5,7a,Area_7a,8,52,29,74,PosterioVentral Parietal,,,,,,,,,,,,,,,,,,,,,,,,,,,,,,,,,,,,,,,,,,,,,,
6,PG#1,Caudal_inferior_parietal_lobule,10,77,28,104,PosterioVentral Parietal,[,PGc,PGlat,PGmed,SPG,],,,,,,,,,,,,,,,,,,,,,,,,,,,,,,,,,,,,,,,,
6,Opt,Occipitoparietal_area,9,38,10,46,PosterioVentral Parietal,,,,,,,,,,,,,,,,,,,,,,,,,,,,,,,,,,,,,,,,,,,,,,
5,7b,Area_7b,8,92,29,143,PosterioVentral Parietal,,,,,,,,,,,,,,,,,,,,,,,,,,,,,,,,,,,,,,,,,,,,,,
6,PFG#1,Midpart_of_the_inferior_parietal_lobule,11,38,8,47,PosterioVentral Parietal,,,,,,,,,,,,,,,,,,,,,,,,,,,,,,,,,,,,,,,,,,,,,,
6,PF#1,Rostral_inferior_parietal_lobule,10,54,13,73,PosterioVentral Parietal,,,,,,,,,,,,,,,,,,,,,,,,,,,,,,,,,,,,,,,,,,,,,,
3,PCip,Cortex_of_the_intraparietal_sulcus,7,0,2,0,IntraParietal,,,,,,,,,,,,,,,,,,,,,,,,,,,,,,,,,,,,,,,,,,,,,,
4,LIP,Lateral_intraparietal_area,8,128,33,207,IntraParietal,[,7ip,LIPd+LIPv,POa,],,,,,,,,,,,,,,,,,,,,,,,,,,,,,,,,,,,,,,,,,
5,LIPe,Lateral_intraparietal_area_(external_part),9,15,10,19,IntraParietal,[,LIPd,POa-e,],,,,,,,,,,,,,,,,,,,,,,,,,,,,,,,,,,,,,,,,,,
5,LIPi,Lateral_intraparietal_area_(internal_part),11,18,11,21,IntraParietal,[,LIPv,POa-i,],,,,,,,,,,,,,,,,,,,,,,,,,,,,,,,,,,,,,,,,,,
4,VIP,Ventral_intraparietal_area,10,43,34,64,IntraParietal,[,IPd,VIPl,VIPm,],,,,,,,,,,,,,,,,,,,,,,,,,,,,,,,,,,,,,,,,,
4,PIP#1,Posterior_intraparietal_area,9,17,7,21,IntraParietal,,,,,,,,,,,,,,,,,,,,,,,,,,,,,,,,,,,,,,,,,,,,,,
4,AIP,Anterior_intraparietal_area,11,14,9,20,IntraParietal,,,,,,,,,,,,,,,,,,,,,,,,,,,,,,,,,,,,,,,,,,,,,,
4,MIP,Medial_intraparietal_area,10,50,23,83,IntraParietal,[,5ip,PEa,PEip,],,,,,,,,,,,,,,,,,,,,,,,,,,,,,,,,,,,,,,,,,
3,PCd#2,Dorsal_parietal_cortex_(=_SPL_and_precuneus),7,0,2,0,Dorsal Parietal,,,,,,,,,,,,,,,,,,,,,,,,,,,,,,,,,,,,,,,,,,,,,,
4,SPL,Superior_Parietal_Lobule,8,46,37,100,Dorsal Parietal,[,5-Feb,5D,5V,5m,],,,,,,,,,,,,,,,,,,,,,,,,,,,,,,,,,,,,,,,,
5,PEm,Rostral_superior_parietal_lobule,9,57,14,87,Dorsal Parietal,[,PE#1,PE#2,],,,,,,,,,,,,,,,,,,,,,,,,,,,,,,,,,,,,,,,,,,
5,5_Foot,Receptive_field_for_the_foot,11,4,1,4,Dorsal Parietal,,,,,,,,,,,,,,,,,,,,,,,,,,,,,,,,,,,,,,,,,,,,,,
5,PEc#1,Caudal_and_medial_superior_parietal_lobule,10,58,11,82,Caudal Medial Parietal,[,5b,PEc#2,PEp,],,,,,,,,,,,,,,,,,,,,,,,,,,,,,,,,,,,,,,,,,
4,PCm,Medial_parietal_cortex_(=_Precuneus),8,0,2,0,Caudal Medial Parietal,,,,,,,,,,,,,,,,,,,,,,,,,,,,,,,,,,,,,,,,,,,,,,
5,PGm,"Parietal_area_PG,_medial_part",9,107,17,149,Caudal Medial Parietal,[,7m#1,MDP,],,,,,,,,,,,,,,,,,,,,,,,,,,,,,,,,,,,,,,,,,,
5,31,Area_31,11,54,11,64,Caudal Medial Parietal,,,,,,,,,,,,,,,,,,,,,,,,,,,,,,,,,,,,,,,,,,,,,,
5,PECg,Parietal_area_PE_(cingulate_part),10,61,9,72,Caudal Medial Parietal,[,SSA,],,,,,,,,,,,,,,,,,,,,,,,,,,,,,,,,,,,,,,,,,,,
2,CgG#2,Cingulate_Gyrus_according_to_GM-Definition,6,0,2,0,Cingulate,,,,,,,,,,,,,,,,,,,,,,,,,,,,,,,,,,,,,,,,,,,,,,
3,24,Anterior_cingulate_area_24,24,8,176,55,ACC,383,[,LA#1,],,,,,,,,,,,,,,,,,,,,,,,,,,,,,,,,,,,,,,,,,,
4,24c,Area_24c_(rostral_part_of_the_cingulate_sulcus),9,77,28,135,ACC,[,24c-arm,24c-d,24c-l,24c-m,24c-v,M3,],,,,,,,,,,,,,,,,,,,,,,,,,,,,,,,,,,,,,,
4,24d,Area_24d_(rostral_part_of_the_cingulate_sulcus),11,27,23,48,ACC,[,24d-arm,24d-leg,CMAr,],,,,,,,,,,,,,,,,,,,,,,,,,,,,,,,,,,,,,,,,,
4,24b,Area_24b,10,67,16,100,ACC,,,,,,,,,,,,,,,,,,,,,,,,,,,,,,,,,,,,,,,,,,,,,,
4,24a,Area_24a,9,47,15,76,ACC,,,,,,,,,,,,,,,,,,,,,,,,,,,,,,,,,,,,,,,,,,,,,,
3,23,Area_23,8,82,37,169,Posterior Cingulate,[,CGp,LC#1,],,,,,,,,,,,,,,,,,,,,,,,,,,,,,,,,,,,,,,,,,,
4,23c,Area_23c,11,88,43,198,Posterior Cingulate,[,23c-d,23c-l,23c-m,23c-v,6c,CMAc,CMAd#1,CMAv,M4,],,,,,,,,,,,,,,,,,,,,,,,,,,,,,,,,,,,
4,23b,Area_23b,10,33,9,55,Posterior Cingulate,,,,,,,,,,,,,,,,,,,,,,,,,,,,,,,,,,,,,,,,,,,,,,
4,TSA,Transitional_sensory_area,9,25,1,29,Posterior Cingulate,,,,,,,,,,,,,,,,,,,,,,,,,,,,,,,,,,,,,,,,,,,,,,
4,23a,Area_23a,11,19,9,31,Posterior Cingulate,,,,,,,,,,,,,,,,,,,,,,,,,,,,,,,,,,,,,,,,,,,,,,
3,26,Area_26,7,5,12,6,Retrosplenial Cortex,[,RSpC,Rsp,rspl-c,],,,,,,,,,,,,,,,,,,,,,,,,,,,,,,,,,,,,,,,,,
4,29,Area_29,8,15,14,20,Retrosplenial Cortex,,,,,,,,,,,,,,,,,,,,,,,,,,,,,,,,,,,,,,,,,,,,,,
5,CML,Caudomedial_lobule,10,2,1,2,Retrosplenial Cortex,,,,,,,,,,,,,,,,,,,,,,,,,,,,,,,,,,,,,,,,,,,,,,
5,29d,Area_29d,9,9,9,12,Retrosplenial Cortex,[,29m,],,,,,,,,,,,,,,,,,,,,,,,,,,,,,,,,,,,,,,,,,,,
5,29a-c,Cortical_area_29a-c,11,20,20,50,Retrosplenial Cortex,[,29a,29b,29c,29l,],,,,,,,,,,,,,,,,,,,,,,,,,,,,,,,,,,,,,,,,
4,30,Retrosplenial_area_30,10,20,17,30,Retrosplenial Cortex,[,30d,30pv,],,,,,,,,,,,,,,,,,,,,,,,,,,,,,,,,,,,,,,,,,,
3,25,Area_25,9,82,44,142,Ventromedial Frontal,[,14c,FL,],,,,,,,,,,,,,,,,,,,,,,,,,,,,,,,,,,,,,,,,,,
2,Insula,Insula,6,52,5,66,Insula,[,I#3,I#3m,INS,PI#2,],,,,,,,,,,,,,,,,,,,,,,,,,,,,,,,,,,,,,,,,
3,Ig#1,Granular_insular_cortex,11,48,26,86,Insula,[,GI,Ip#3,,,],,,,,,,,,,,,,,,,,,,,,,,,,,,,,,,,,,,,,,,,
3,Ri#1,Retroinsular_area,10,22,24,44,Insula,[,reIpt,reIt,],,,,,,,,,,,,,,,,,,,,,,,,,,,,,,,,,,,,,,,,,,
3,IPro,Insular_proisocortex,9,3,2,3,Insula,[,IP#2,],,,,,,,,,,,,,,,,,,,,,,,,,,,,,,,,,,,,,,,,,,,
3,Pi#1,Parainsular_field/cortex,11,34,16,40,Insula,[,paI#1,],,,,,,,,,,,,,,,,,,,,,,,,,,,,,,,,,,,,,,,,,,,
3,IA#1,Anterior_insula,7,0,4,0,Insula,,,,,,,,,,,,,,,,,,,,,,,,,,,,,,,,,,,,,,,,,,,,,,
4,Idg,Dysgranular_insular_cortex,10,58,20,76,Insula,[,DI#2,Id,],,,,,,,,,,,,,,,,,,,,,,,,,,,,,,,,,,,,,,,,,,
4,Ia#2,Agranular_insula,8,37,16,47,Insula,[,AI#2,Ia-p,Iac,Iag,,],,,,,,,,,,,,,,,,,,,,,,,,,,,,,,,,,,,,,,,
5,Ial,Lateral_agranular_insular_cortex,9,23,5,42,Insula,[,Iapl,],,,,,,,,,,,,,,,,,,,,,,,,,,,,,,,,,,,,,,,,,,,
5,Iam,Medial_agranular_insular_cortex,11,49,5,67,Insula,[,Iav,],,,,,,,,,,,,,,,,,,,,,,,,,,,,,,,,,,,,,,,,,,,
5,Iapm,Posteromedial_agranular_insular_cortex,10,51,2,61,Insula,,,,,,,,,,,,,,,,,,,,,,,,,,,,,,,,,,,,,,,,,,,,,,
5,Iai,Intermediate_agranula_insular_cortex,9,86,3,120,Insula,[,Iad,],,,,,,,,,,,,,,,,,,,,,,,,,,,,,,,,,,,,,,,,,,,
2,TL#2,Temporal_Lobe_according_to_GM-Definition,2,0,1,0,Temporal,,,,,,,,,,,,,,,,,,,,,,,,,,,,,,,,,,,,,,,,,,,,,,
3,TCv,Ventral_Temporal_Cortex,3,0,2,0,Ventral Temporal,,,,,,,,,,,,,,,,,,,,,,,,,,,,,,,,,,,,,,,,,,,,,,
4,TF,Temporal_area_TF,8,127,54,199,Ventral Temporal,[,TFO,VTF,],,,,,,,,,,,,,,,,,,,,,,,,,,,,,,,,,,,,,,,,,,
5,TFM,Temporal_area_TF_(medial_part),11,35,7,40,Ventral Temporal,[,TF2,],,,,,,,,,,,,,,,,,,,,,,,,,,,,,,,,,,,,,,,,,,,
5,TFL,Temporal_area_TF_(lateral_part),10,43,7,47,Ventral Temporal,[,TF1,],,,,,,,,,,,,,,,,,,,,,,,,,,,,,,,,,,,,,,,,,,,
4,Per#1,Perirhinal_cortex,4,12,4,12,Ventral Temporal,[,Peri,Pr#2,],,,,,,,,,,,,,,,,,,,,,,,,,,,,,,,,,,,,,,,,,,
5,35,Area_35,9,74,57,136,Ventral Temporal,[,35-I,35-II,35-III,35-IV,35-V,35-VI,35a,],,,,,,,,,,,,,,,,,,,,,,,,,,,,,,,,,,,,,
5,36,Area_36,5,95,42,176,Ventral Temporal,[,36-I,36-II,36-III,36-IV,36-V,36-VI,36/TF/TE,],,,,,,,,,,,,,,,,,,,,,,,,,,,,,,,,,,,,,
6,36c,Caudal_part_of_area,36,11,53,22,Ventral Temporal,68,[,36cl,TLO,TLc,],,,,,,,,,,,,,,,,,,,,,,,,,,,,,,,,,,,,,,,,
6,36r,Rostral_part_of_area,36,10,83,19,Ventral Temporal,130,[,36rm,TLR,],,,,,,,,,,,,,,,,,,,,,,,,,,,,,,,,,,,,,,,,,
6,TG,Temporopolar_area_TG,6,96,18,134,Ventral Temporal,,,,,,,,,,,,,,,,,,,,,,,,,,,,,,,,,,,,,,,,,,,,,,
7,TPPro,Temporal_proisocortex,7,49,23,71,Ventral Temporal,[,36d,Pro#1,TempPro,],,,,,,,,,,,,,,,,,,,,,,,,,,,,,,,,,,,,,,,,,
8,TPag,Agranular_area_of_temporal_polar_cortex,9,17,4,25,Ventral Temporal,[,TPa-p,],,,,,,,,,,,,,,,,,,,,,,,,,,,,,,,,,,,,,,,,,,,
8,TPg,Granular_area_of_temporal_polar_cortex,11,24,3,34,Ventral Temporal,,,,,,,,,,,,,,,,,,,,,,,,,,,,,,,,,,,,,,,,,,,,,,
8,TPproD,Dysgranular_Temporopolar_Cortex,8,15,5,23,Ventral Temporal,[,DLP,DMP,TPdg,],,,,,,,,,,,,,,,,,,,,,,,,,,,,,,,,,,,,,,,,,
9,TPdgv,Ventral_dysgranular_area_of_temporal_polar_cortex,10,10,2,13,Ventral Temporal,,,,,,,,,,,,,,,,,,,,,,,,,,,,,,,,,,,,,,,,,,,,,,
9,TPdgd,Dorsal_dysgranular_area_of_temporal_polar_cortex,9,10,2,13,Ventral Temporal,,,,,,,,,,,,,,,,,,,,,,,,,,,,,,,,,,,,,,,,,,,,,,
7,36p,Cortical_area_36p,11,14,4,19,Ventral Temporal,[,36pl,36pm,],,,,,,,,,,,,,,,,,,,,,,,,,,,,,,,,,,,,,,,,,,
3,PHC,Parahippocampal_cortex,6,8,4,13,Parahippocampal,[,PH,paraHC,],,,,,,,,,,,,,,,,,,,,,,,,,,,,,,,,,,,,,,,,,,
4,ENT,Entorhinal_cortex,7,92,61,176,Parahippocampal,[,28,28-I,28-II,28-III,28-V,28-VI,28-iv,E,EC#1,ER#2,],,,,,,,,,,,,,,,,,,,,,,,,,,,,,,,,,,
5,EL,Lateral_field_of_entorhinal_cortex,8,27,20,32,Parahippocampal,[,28L,28b,Pr#1,],,,,,,,,,,,,,,,,,,,,,,,,,,,,,,,,,,,,,,,,,
6,ELr,Lateral_field_(rostral_part)_of_entorhinal_cortex,10,21,13,23,Parahippocampal,[,Pr1,],,,,,,,,,,,,,,,,,,,,,,,,,,,,,,,,,,,,,,,,,,,
6,ELc,Lateral_field_(caudal_part)_of_entorhinal_cortex,9,10,14,17,Parahippocampal,[,28S-I,28S-III,28S-V,28s,],,,,,,,,,,,,,,,,,,,,,,,,,,,,,,,,,,,,,,,,
5,EI,Intermediate_field_of_entorhinal_cortex,11,37,18,49,Parahippocampal,[,28I-III,28i,],,,,,,,,,,,,,,,,,,,,,,,,,,,,,,,,,,,,,,,,,,
5,ER#1,Rostral_field_of_entorhinal_cortex,10,26,6,30,Parahippocampal,,,,,,,,,,,,,,,,,,,,,,,,,,,,,,,,,,,,,,,,,,,,,,
5,28m,medial_entorhinal_cortex,9,15,12,22,Parahippocampal,[,28M-III,28a,],,,,,,,,,,,,,,,,,,,,,,,,,,,,,,,,,,,,,,,,,,
5,EO,Olfactory_field_of_entorhinal_cortex,11,17,6,18,Parahippocampal,,,,,,,,,,,,,,,,,,,,,,,,,,,,,,,,,,,,,,,,,,,,,,
5,ECL,Caudal_limiting_field_of_entorhinal_cortex,10,21,6,28,Parahippocampal,,,,,,,,,,,,,,,,,,,,,,,,,,,,,,,,,,,,,,,,,,,,,,
5,EC#2,Caudal_field_of_entorhinal_cortex,9,44,6,62,Parahippocampal,[,S-SM,S-SP,Sub,Subr,],,,,,,,,,,,,,,,,,,,,,,,,,,,,,,,,,,,,,,,,
4,S#1,Subiculum,8,32,38,46,Parahippocampal,,,,,,,,,,,,,,,,,,,,,,,,,,,,,,,,,,,,,,,,,,,,,,
5,Su#2,"Subiculum,_uncal_portion",11,5,1,6,Parahippocampal,,,,,,,,,,,,,,,,,,,,,,,,,,,,,,,,,,,,,,,,,,,,,,
5,Sb,"Subiculum,_body_portion",10,5,1,6,Parahippocampal,,,,,,,,,,,,,,,,,,,,,,,,,,,,,,,,,,,,,,,,,,,,,,
4,Pros.,prosubiculum,9,26,34,34,Parahippocampal,[,PoS,ProS#2,ProS-SM,ProS-SP,],,,,,,,,,,,,,,,,,,,,,,,,,,,,,,,,,,,,,,,,
4,PaS,Parasubiculum,11,22,24,23,Parahippocampal,[,ParaS,],,,,,,,,,,,,,,,,,,,,,,,,,,,,,,,,,,,,,,,,,,,
4,TH,Temporal_area_TH,10,110,48,158,Parahippocampal,[,THO,THc,THr,],,,,,,,,,,,,,,,,,,,,,,,,,,,,,,,,,,,,,,,,,
4,PrS,Presubiculum,9,39,38,46,Parahippocampal,[,27,PreS,PreS-Lpe,Psb,Psub,],,,,,,,,,,,,,,,,,,,,,,,,,,,,,,,,,,,,,,,
3,Hip,Hippocampus,8,24,66,39,Hippocampus,[,CA2,CA2-SLM,CA4,H#1,HF,h#3,],,,,,,,,,,,,,,,,,,,,,,,,,,,,,,,,,,,,,,
4,CA1,CA1_subfield_of_Ammon?s_horn,11,45,87,116,Hippocampus,[,CA1-SLM,CA1-SM,CA1-SP,CA1-SR,CA1a,CA1med-sm,CA1med-sp,CA1med-sr,CA1t?,CA1t?-SP,],,,,,,,,,,,,,,,,,,,,,,,,,,,,,,,,,,
4,DG,dentate_gyrus,10,10,31,17,Hippocampus,[,DG-gc,DG-ml,],,,,,,,,,,,,,,,,,,,,,,,,,,,,,,,,,,,,,,,,,,
4,CA3,CA3_subfield_of_Ammons_horn,9,12,44,15,Hippocampus,[,CA3-SLM,],,,,,,,,,,,,,,,,,,,,,,,,,,,,,,,,,,,,,,,,,,,
3,STG,superior_temporal_gyrus,5,29,10,61,Superior Temporal,[,22,STGf,STGi,STGm,STGo,],,,,,,,,,,,,,,,,,,,,,,,,,,,,,,,,,,,,,,,
4,STP#2,Supratemporal_plane,6,0,1,0,Superior Temporal,,,,,,,,,,,,,,,,,,,,,,,,,,,,,,,,,,,,,,,,,,,,,,
5,A1,Primary_auditory_cortex,11,49,40,109,Auditory Cortex,[,KA,R#2,RA,RP,paAr,],,,,,,,,,,,,,,,,,,,,,,,,,,,,,,,,,,,,,,,
5,STPg,"Supratemporal_cortex,_granular",10,24,1,24,Auditory Cortex,,,,,,,,,,,,,,,,,,,,,,,,,,,,,,,,,,,,,,,,,,,,,,
5,A2,Secondary_auditory_cortex,7,33,9,40,Auditory Cortex,[,AII,belt,],,,,,,,,,,,,,,,,,,,,,,,,,,,,,,,,,,,,,,,,,,
6,Pa#2,Postauditory_field,8,11,12,22,Auditory Cortex,[,CM#1,P-m,RTM,],,,,,,,,,,,,,,,,,,,,,,,,,,,,,,,,,,,,,,,,,
7,ProK,auditory_prokoniocortex,9,19,11,32,Auditory Cortex,[,A-m,RM,proA,],,,,,,,,,,,,,,,,,,,,,,,,,,,,,,,,,,,,,,,,,
7,paAc,Caudal_auditory_parakoniocortex,11,28,6,42,Auditory Cortex,[,CP,],,,,,,,,,,,,,,,,,,,,,,,,,,,,,,,,,,,,,,,,,,,
6,paAlt,Lateral_auditory_parakoniocortex,8,40,17,91,Auditory Cortex,[,RTL,lateral-belt,],,,,,,,,,,,,,,,,,,,,,,,,,,,,,,,,,,,,,,,,,,
7,L#1,Lateral_auditory_field,10,33,7,54,Auditory Cortex,[,LA#2,ML#1,PL#5,],,,,,,,,,,,,,,,,,,,,,,,,,,,,,,,,,,,,,,,,,
7,CL#4,cudal_lateral_auditory_(belt),9,23,5,32,Auditory Cortex,[,Toc#2,],,,,,,,,,,,,,,,,,,,,,,,,,,,,,,,,,,,,,,,,,,,
7,AL#4,anterior_lateral_auditory_belt,11,21,3,27,Auditory Cortex,,,,,,,,,,,,,,,,,,,,,,,,,,,,,,,,,,,,,,,,,,,,,,
4,TA,Temporal_area_TA,7,28,13,49,Superior Temporal,[,STGa,STGp#1,],,,,,,,,,,,,,,,,,,,,,,,,,,,,,,,,,,,,,,,,,,
5,Ts,Area_temporalis_superior,8,0,2,0,Superior Temporal,,,,,,,,,,,,,,,,,,,,,,,,,,,,,,,,,,,,,,,,,,,,,,
6,ST3,Superior_temporal_area,3,10,57,20,Superior Temporal,76,[,3#3,4#3,STGl,STGr,Ts3,],,,,,,,,,,,,,,,,,,,,,,,,,,,,,,,,,,,,,,
6,ST2,Superior_temporal_area,2,9,50,16,Superior Temporal,65,,,,,,,,,,,,,,,,,,,,,,,,,,,,,,,,,,,,,,,,,,,,,
6,ST1,Superior_temporal_area,1,11,39,16,Superior Temporal,47,,,,,,,,,,,,,,,,,,,,,,,,,,,,,,,,,,,,,,,,,,,,,
5,Tpt,Temporoparietal_cortex,10,50,16,61,Superior Temporal,,,,,,,,,,,,,,,,,,,,,,,,,,,,,,,,,,,,,,,,,,,,,,
3,TE,Inferotemporal_area_TE,6,115,45,222,Inferotemporal,[,IT,TEO+TE,TEO+TE+TE3,tmps,],,,,,,,,,,,,,,,,,,,,,,,,,,,,,,,,,,,,,,,,
6,CITv,Central_inferotemporal_area_(ventral),10,36,13,39,Inferotemporal,[,TE2#1,TE2#2,],,,,,,,,,,,,,,,,,,,,,,,,,,,,,,,,,,,,,,,,,,
4,20,Area_20,7,19,9,28,Inferotemporal,[,ITi,TE1-3,TEv,],,,,,,,,,,,,,,,,,,,,,,,,,,,,,,,,,,,,,,,,,
5,AITv,Anterior_inferotemporal_area_(ventral),9,68,19,102,Inferotemporal,[,TE1#1,TE1#2,TEav,],,,,,,,,,,,,,,,,,,,,,,,,,,,,,,,,,,,,,,,,,
5,CIT,Central_inferotemporal_area,,8,29,7,Inferotemporal,38,[,TEpv,],,,,,,,,,,,,,,,,,,,,,,,,,,,,,,,,,,,,,,,,,,
6,CITd,Central_inferotemporal_area_(dorsal),11,11,14,13,Inferotemporal,,,,,,,,,,,,,,,,,,,,,,,,,,,,,,,,,,,,,,,,,,,,,,
6,CITv,Central_inferotemporal_area_(ventral),10,36,13,39,Inferotemporal,[,TE2#1,TE2#2,],,,,,,,,,,,,,,,,,,,,,,,,,,,,,,,,,,,,,,,,,,
4,21,Area_21,7,12,9,14,Inferotemporal,[,ITm,],,,,,,,,,,,,,,,,,,,,,,,,,,,,,,,,,,,,,,,,,,,
5,AITd,Anterior_inferotemporal_area_(dorsal),8,57,11,80,Inferotemporal,[,STSv,TEa/m,TEad,TEm/TEa,],,,,,,,,,,,,,,,,,,,,,,,,,,,,,,,,,,,,,,,,
6,TEa#3,anterior_part_of_area_TE,9,30,18,34,Inferotemporal,[,TEa#1,TEa#2,],,,,,,,,,,,,,,,,,,,,,,,,,,,,,,,,,,,,,,,,,,
6,TEm,Cortical_area_TEm,11,14,15,18,Inferotemporal,,,,,,,,,,,,,,,,,,,,,,,,,,,,,,,,,,,,,,,,,,,,,,
5,PIT,Posterior_inferotemporal_area,8,112,47,216,Inferotemporal,[,TEO,TEO+,TEp,TEpd,],,,,,,,,,,,,,,,,,,,,,,,,,,,,,,,,,,,,,,,,
6,PITd,Posterior_inferotemporal_area_(dorsal),10,18,8,25,Inferotemporal,[,TEOd,],,,,,,,,,,,,,,,,,,,,,,,,,,,,,,,,,,,,,,,,,,,
6,PITv,Posterior_inferotemporal_area_(ventral),9,20,4,20,Inferotemporal,[,TEOv,],,,,,,,,,,,,,,,,,,,,,,,,,,,,,,,,,,,,,,,,,,,
3,STS,Superior_temporal_sulcus,6,54,7,117,Inferotemporal,[,ST,STP#1,],,,,,,,,,,,,,,,,,,,,,,,,,,,,,,,,,,,,,,,,,,
4,STSd,"Superior_temporal_sulcus,_dorsal",7,25,2,28,Superior Temporal Sulcus,,,,,,,,,,,,,,,,,,,,,,,,,,,,,,,,,,,,,,,,,,,,,,
5,TPO,Temporal_parietooccipital_associated_area_in_the_STS,8,72,15,98,Superior Temporal Sulcus,,,,,,,,,,,,,,,,,,,,,,,,,,,,,,,,,,,,,,,,,,,,,,
6,TPOc,Temporoparietal_asscociated_area_(caudal_part),11,51,14,67,Superior Temporal Sulcus,[,STPp,TPO3,TPO4,],,,,,,,,,,,,,,,,,,,,,,,,,,,,,,,,,,,,,,,,,
6,TPOi,Temporoparietal_associated_area_(intermediate_part),10,6,2,6,Superior Temporal Sulcus,,,,,,,,,,,,,,,,,,,,,,,,,,,,,,,,,,,,,,,,,,,,,,
6,TPOr,Temporoparietal_associated_area_(rostral_part),9,30,12,46,Superior Temporal Sulcus,[,STPa,TPO1,TPO2,],,,,,,,,,,,,,,,,,,,,,,,,,,,,,,,,,,,,,,,,,
5,TAa,Temporal_area_TAa,11,45,12,58,Superior Temporal Sulcus,,,,,,,,,,,,,,,,,,,,,,,,,,,,,,,,,,,,,,,,,,,,,,
4,STSf,"Superior_temporal_sulcus,_fundus",8,0,1,0,Superior Temporal Sulcus,,,,,,,,,,,,,,,,,,,,,,,,,,,,,,,,,,,,,,,,,,,,,,
5,PGa,Cortical_area_PGa,10,36,13,48,Superior Temporal Sulcus,,,,,,,,,,,,,,,,,,,,,,,,,,,,,,,,,,,,,,,,,,,,,,
5,IPa,Intraparietal_sulcus_associated_area_in_the_STS,9,37,17,47,Superior Temporal Sulcus,,,,,,,,,,,,,,,,,,,,,,,,,,,,,,,,,,,,,,,,,,,,,,
4,OAa,Cortical_area_OAa,7,15,7,21,Superior Temporal Sulcus,,,,,,,,,,,,,,,,,,,,,,,,,,,,,,,,,,,,,,,,,,,,,,
5,MT,Middle_temporal_area,11,75,52,113,Superior Temporal Sulcus,[,V5,V5a,],,,,,,,,,,,,,,,,,,,,,,,,,,,,,,,,,,,,,,,,,,
5,MTp,Peripheral_part_of_area_MT,10,8,7,8,Superior Temporal Sulcus,,,,,,,,,,,,,,,,,,,,,,,,,,,,,,,,,,,,,,,,,,,,,,
5,FST,Floor_of_superior_temporal_sulcus,9,48,23,73,Superior Temporal Sulcus,,,,,,,,,,,,,,,,,,,,,,,,,,,,,,,,,,,,,,,,,,,,,,
5,MST,Medial_superior_temporal_area,8,22,36,27,Superior Temporal Sulcus,[,DMZ,MSTm,],,,,,,,,,,,,,,,,,,,,,,,,,,,,,,,,,,,,,,,,,,
6,MSTp,Medial_superior_temporal_area_(posterior),11,20,3,20,Superior Temporal Sulcus,,,,,,,,,,,,,,,,,,,,,,,,,,,,,,,,,,,,,,,,,,,,,,
6,MSTd,Medial_superior_temporal_area_(dorsal),10,49,6,70,Superior Temporal Sulcus,[,MSTc,MSTda,MSTdp,],,,,,,,,,,,,,,,,,,,,,,,,,,,,,,,,,,,,,,,,,
2,OC#2,OccipitalLobe_according_to_GM-Definition,4,0,5,0,Occipital,,,,,,,,,,,,,,,,,,,,,,,,,,,,,,,,,,,,,,,,,,,,,,
3,VAC,Visual_anterior_cortex,5,0,2,0,Visual Cortex,,,,,,,,,,,,,,,,,,,,,,,,,,,,,,,,,,,,,,,,,,,,,,
4,OA,Extrastriate_area_OA,6,38,27,71,Visual Cortex,[,19,],,,,,,,,,,,,,,,,,,,,,,,,,,,,,,,,,,,,,,,,,,,
5,V3A,Visual_area_3A,9,32,24,47,Visual Cortex,,,,,,,,,,,,,,,,,,,,,,,,,,,,,,,,,,,,,,,,,,,,,,
5,V3,Visual_area_3,3,8,35,29,Visual Cortex,46,[,region-2,],,,,,,,,,,,,,,,,,,,,,,,,,,,,,,,,,,,,,,,,,,
6,V3d,Dorsal_visual_area,3,11,8,14,Visual Cortex,12,,,,,,,,,,,,,,,,,,,,,,,,,,,,,,,,,,,,,,,,,,,,,
6,V3v,Ventral_visual_area,3,10,38,27,Visual Cortex,68,[,VP#1,],,,,,,,,,,,,,,,,,,,,,,,,,,,,,,,,,,,,,,,,,,
5,V4,Visual_area_4,4,7,78,50,Visual Cortex,138,[,region-3,region-4,region-6,region-7,],,,,,,,,,,,,,,,,,,,,,,,,,,,,,,,,,,,,,,,
6,V4t,V4_transitional_area,9,26,24,35,Visual Cortex,[,V4ta,V4tp,region-5,],,,,,,,,,,,,,,,,,,,,,,,,,,,,,,,,,,,,,,,,,
6,V4d,Visual_area_4_(dorsal_part),8,18,7,23,Visual Cortex,[,DL#1,],,,,,,,,,,,,,,,,,,,,,,,,,,,,,,,,,,,,,,,,,,,
7,DLr,"dorsolateral_visual_cortex,_rostral_part",11,2,2,4,Visual Cortex,,,,,,,,,,,,,,,,,,,,,,,,,,,,,,,,,,,,,,,,,,,,,,
7,DLc,"dorsolateral_visual_cortex,_caudal_part",10,2,2,4,Visual Cortex,,,,,,,,,,,,,,,,,,,,,,,,,,,,,,,,,,,,,,,,,,,,,,
6,V4v,Visual_area_4_(ventral_part),9,6,6,8,Visual Cortex,,,,,,,,,,,,,,,,,,,,,,,,,,,,,,,,,,,,,,,,,,,,,,
5,VPP,Ventral_posterior_parietal_area,11,2,2,3,Visual Cortex,,,,,,,,,,,,,,,,,,,,,,,,,,,,,,,,,,,,,,,,,,,,,,
5,DI#1,dorsointermediate_visual_field,10,2,2,4,Visual Cortex,,,,,,,,,,,,,,,,,,,,,,,,,,,,,,,,,,,,,,,,,,,,,,
5,PO#4,medial_visual_association_area,8,35,21,48,Visual Cortex,[,M#3,PO#1,],,,,,,,,,,,,,,,,,,,,,,,,,,,,,,,,,,,,,,,,,,
6,V6A,Visual_area_V6A,9,33,6,48,Visual Cortex,,,,,,,,,,,,,,,,,,,,,,,,,,,,,,,,,,,,,,,,,,,,,,
6,V6,Visual_area_6,6,11,41,10,Visual Cortex,57,[,DM#1,],,,,,,,,,,,,,,,,,,,,,,,,,,,,,,,,,,,,,,,,,,
5,DP,Dorsal_prelunate_gyrus,10,36,16,40,Visual Cortex,[,DPL,],,,,,,,,,,,,,,,,,,,,,,,,,,,,,,,,,,,,,,,,,,,
4,VOT,Ventral_occipitotemporal_area,9,7,3,9,Visual Cortex,,,,,,,,,,,,,,,,,,,,,,,,,,,,,,,,,,,,,,,,,,,,,,
3,V1,Visual_area,1,11,47,113,Visual Cortex,158,[,17,17,I,LVQ,OC,StriateC,StriateC-I,StriateC-II,StriateC-III,StriateC-IV,UVQ,V1,I,V1,II,V1,III,],,,,,,,,,,,,,,,,,,,,,,,,,,
3,ProSt,Prostriate_cortex,10,3,3,3,Visual Cortex,[,P#4,PRO,],,,,,,,,,,,,,,,,,,,,,,,,,,,,,,,,,,,,,,,,,,
3,V2,Visual_area_2,2,9,82,68,Visual Cortex,205,[,18,OB,V2,clf,V2,ilf,V2,iuf,V2,puf,V2d,V2v,region-1,v2(+),v2(-),v2(0),],,,,,,,,,,,,,,,,,,,,,,,,,,,
1,BG,Basal_Ganglia_according_to_GM-Definition,5,0,1,0,Basal Ganglia,,,,,,,,,,,,,,,,,,,,,,,,,,,,,,,,,,,,,,,,,,,,,,
2,Amyg,Amygdala,6,23,17,49,Amygdala,[,amg,],,,,,,,,,,,,,,,,,,,,,,,,,,,,,,,,,,,,,,,,,,,
3,B#2,basal_amygdaloid_nucleus,8,65,56,91,Amygdala,[,AB#2,ABa,ACC-B,Amyg,AB,B#4,BA,],,,,,,,,,,,,,,,,,,,,,,,,,,,,,,,,,,,,,
4,Bla,Basolateral_nucleus_of_amygdala,11,53,27,68,Amygdala,[,ABl,BL#2,Bl#1,LB,],,,,,,,,,,,,,,,,,,,,,,,,,,,,,,,,,,,,,,,,
4,Abpc,"Accessory_basal_amygdaloid_nucleus,_parvicellular_part",10,45,49,81,Amygdala,[,BAp,BLp,Bp,Bpc,Bpl,PL#2,PL#4,PLl,PLm,],,,,,,,,,,,,,,,,,,,,,,,,,,,,,,,,,,,
4,Bi,"Basal_amygdaloid_nucleus,_intermediate_part",9,43,10,50,Amygdala,,,,,,,,,,,,,,,,,,,,,,,,,,,,,,,,,,,,,,,,,,,,,,
4,ABd,"Accessory_basal_amygdaloid_nucleus,_dorsal_division",11,23,2,45,Amygdala,[,Bd,],,,,,,,,,,,,,,,,,,,,,,,,,,,,,,,,,,,,,,,,,,,
4,Bvl,"Basal_amygdaloid_nucleus,_ventral_lateral_division",10,19,1,27,Amygdala,,,,,,,,,,,,,,,,,,,,,,,,,,,,,,,,,,,,,,,,,,,,,,
4,ABv,"Accessory_basal_amygdaloid_nucleus,_ventral_division",9,23,1,32,Amygdala,,,,,,,,,,,,,,,,,,,,,,,,,,,,,,,,,,,,,,,,,,,,,,
4,MB,Medial_basal_nucleus_of_the_amygdala,11,38,25,46,Amygdala,[,ABm,BM#3,Bm#1,],,,,,,,,,,,,,,,,,,,,,,,,,,,,,,,,,,,,,,,,,
4,ABvm,"Accessor_basal_nucleus_(amygdala),_ventromedial_division",10,30,10,51,Amygdala,[,Abs,Bvm,],,,,,,,,,,,,,,,,,,,,,,,,,,,,,,,,,,,,,,,,,,
4,ABmg,"accessory_basal_nucleus_(amygdala),_magnocellular_subdivision",9,49,32,82,Amygdala,[,BAm#1,BLm,Bmc,Bmg,abmc,],,,,,,,,,,,,,,,,,,,,,,,,,,,,,,,,,,,,,,,
3,A,anterior_amygdaloid_area,11,24,30,26,Amygdala,[,AA,AAA,],,,,,,,,,,,,,,,,,,,,,,,,,,,,,,,,,,,,,,,,,,
3,I#2,Intercalated_amygdaloid_nucleus,10,6,13,6,Amygdala,,,,,,,,,,,,,,,,,,,,,,,,,,,,,,,,,,,,,,,,,,,,,,
3,ME#1,Medial_nucleus_of_the_amygdala,9,25,38,31,Amygdala,[,M#1,],,,,,,,,,,,,,,,,,,,,,,,,,,,,,,,,,,,,,,,,,,,
3,CE#1,central_nucleus_of_the_amygdala,11,26,61,50,Amygdala,[,C#2,CEl,CEm#1,CEmc,Cec,Cl#3,Cm#3,],,,,,,,,,,,,,,,,,,,,,,,,,,,,,,,,,,,,,
3,PAC#1,periamygdaloid_cortex,7,25,26,36,Amygdala,[,APir,PACo,PACo#1,VCo,VCoIf,VCoIt,VCoS,],,,,,,,,,,,,,,,,,,,,,,,,,,,,,,,,,,,,,
4,AHA,amygdalohippocampal_area,10,16,43,21,Amygdala,[,AHAd,AHAv,HATA,],,,,,,,,,,,,,,,,,,,,,,,,,,,,,,,,,,,,,,,,,
4,PAC2,Periamygdaloid_cortex,2,9,21,44,Amygdala,52,[,BPACs,CTA,PAC1,PAC3,PACs,pam#1,],,,,,,,,,,,,,,,,,,,,,,,,,,,,,,,,,,,,,
4,Co,cortical_nucleus_(amygdala),8,10,21,13,Amygdala,[,Amyg,CO,CN,],,,,,,,,,,,,,,,,,,,,,,,,,,,,,,,,,,,,,,,,,
5,COp,"cortical_nucleus,_posterior_division",11,12,14,14,Amygdala,,,,,,,,,,,,,,,,,,,,,,,,,,,,,,,,,,,,,,,,,,,,,,
5,NLOT,Nucleus_of_the_lateral_olfactory_tract,10,9,13,9,Amygdala,,,,,,,,,,,,,,,,,,,,,,,,,,,,,,,,,,,,,,,,,,,,,,
5,COa,"cortical_nucleus,_anterior_division",9,14,16,15,Amygdala,,,,,,,,,,,,,,,,,,,,,,,,,,,,,,,,,,,,,,,,,,,,,,
3,L#2,"lateral_nucleus,_amygdala",7,86,40,134,Amygdala,[,Amyg,L,LAT,LT,],,,,,,,,,,,,,,,,,,,,,,,,,,,,,,,,,,,,,,,,
4,Ldm,"Lateral_amygdaloid_nucleus,_dorsomedial_region",8,0,2,0,Amygdala,,,,,,,,,,,,,,,,,,,,,,,,,,,,,,,,,,,,,,,,,,,,,,
5,Ldi,"Lateral_nucleus_(amygdala),_dorsal_intermediate_division",11,58,4,69,Amygdala,,,,,,,,,,,,,,,,,,,,,,,,,,,,,,,,,,,,,,,,,,,,,,
5,Ld#2,"Lateral_nucleus_(amygdala),_dorsal_division",10,35,4,43,Amygdala,,,,,,,,,,,,,,,,,,,,,,,,,,,,,,,,,,,,,,,,,,,,,,
4,Lv,"Lateral_nucleus_(amygdala),_ventral_division",9,52,4,68,Amygdala,,,,,,,,,,,,,,,,,,,,,,,,,,,,,,,,,,,,,,,,,,,,,,
4,Lvl,"lateral_nucleus_(amygdala),_ventrolateral_subdivision",11,43,7,50,Amygdala,,,,,,,,,,,,,,,,,,,,,,,,,,,,,,,,,,,,,,,,,,,,,,
2,SN,substantia_nigra,10,8,6,8,Striatum,[,SN.com,SN.ret,],,,,,,,,,,,,,,,,,,,,,,,,,,,,,,,,,,,,,,,,,,
2,SI#2,substantia_innominata,9,55,19,194,Striatum,[,Acc#1,Acc-core,Ch1,Ch2,Ch3,Ch4,Ch4al,Ch4am,Ch4id,Ch4iv,Ch4p,MS,NBM,NVDB,VP#3,],,,,,,,,,,,,,,,,,,,,,,,,,,,,,
2,Sub.Th,Nucleus_subthalamic,11,3,6,3,Striatum,[,ZI,Zic,],,,,,,,,,,,,,,,,,,,,,,,,,,,,,,,,,,,,,,,,,,
2,GPe,"Globus_pallidus,_external_part",10,4,6,7,Striatum,[,GPi,],,,,,,,,,,,,,,,,,,,,,,,,,,,,,,,,,,,,,,,,,,,
2,STR,striatum,7,0,1,0,Striatum,,,,,,,,,,,,,,,,,,,,,,,,,,,,,,,,,,,,,,,,,,,,,,
3,Cd,Nucleus_caudatus,8,52,123,237,Striatum,[,Cd_b,Cd_b_i_c,Cd_b_i_d,Cd_b_i_v,Cd_b_l_c,Cd_b_l_d,Cd_b_l_v_Cd_b_m_c_Cd_b_m_d,Cd_b_m_v,Cd_h,Cd_h_i_c,Cd_h_i_d,Cd_h_i_v,Cd_h_l_c,Cd_h_l_d,Cd_h_l_v,Cd_h_m_c,Cd_h_m_d,Cd_h_m_v,],,,,,,,,,,,,,,,,,,,,,,,,,,
4,Cd_t,t_Nucleus_caudatus;_tail,9,17,44,56,Striatum,[,Cd_t_i_c,Cd_t_i_d,Cd_t_i_v,Cd_t_l_c,Cd_t_l_d,Cd_t_l_v,Cd_t_m_c,Cd_t_m_d,Cd_t_m_v,],,,,,,,,,,,,,,,,,,,,,,,,,,,,,,,,,,,
4,Cd_g,g_Nucleus_caudatus;_genu,11,28,57,87,Striatum,[,Cd_g_i_c,Cd_g_i_d,Cd_g_i_v,Cd_g_l_c,Cd_g_l_d,Cd_g_l_v,Cd_g_m_c,Cd_g_m_d,Cd_g_m_v,],,,,,,,,,,,,,,,,,,,,,,,,,,,,,,,,,,,
3,Pu,Putamen,8,20,46,43,Striatum,[,Pu_m_i_c,Pu_m_i_d,Pu_m_i_v,Pu_m_l_c,Pu_m_l_d,Pu_m_l_v,Pu_m_m_c,Pu_m_m_d,Pu_m_m_v,],,,,,,,,,,,,,,,,,,,,,,,,,,,,,,,,,,,
4,Pu_r,r_Putamen;_rostral,10,46,50,122,Striatum,[,Pu_r_i_c,Pu_r_i_d,Pu_r_i_v,Pu_r_l_c,Pu_r_l_d,Pu_r_l_v,Pu_r_m_c,Pu_r_m_d,Pu_r_m_v,],,,,,,,,,,,,,,,,,,,,,,,,,,,,,,,,,,,
4,Pu_c,c_Putamen;_caudal,9,27,49,72,Striatum,[,Pu_c_i_c,Pu_c_i_d,Pu_c_i_v_Pu_c_l_c,Pu_c_l_d,Pu_c_l_v,Pu_c_m_c,Pu_c_m_d,Pu_c_m_v,],,,,,,,,,,,,,,,,,,,,,,,,,,,,,,,,,,,,
2,Clau,Claustrum,11,25,17,26,Claustrum,[,CL#1,],,,,,,,,,,,,,,,,,,,,,,,,,,,,,,,,,,,,,,,,,,,
1,MB#2,Mid_Brain,10,20,81,99,Mid Brain,[,APT,CG,DLT,GPO,NCS,NOT,NPA,NPC,ON,PG#2,PPN#1,PPN#2,PPT#2,RTP,SC,SC,I,SC,III,SC,II,1,SC,II,2,SC,II,3,SC,IV,SC,V,SC,VI,SC,VII,SL,SZ,Teg.a,VLZ,VTA,],,,
1,OFC,Olfactory_Complex,9,17,35,26,Olfactory,[,AON,B-Olf,OLF,OT,PC#2,POC,Pir,],,,,,,,,,,,,,,,,,,,,,,,,,,,,,,,,,,,,,
